<?xml version="1.0"?>
<!DOCTYPE IFDEntryMetaCollection SYSTEM "IFDEntryMeta.dtd">
<?xml-stylesheet type="text/xsl" href="IFDEntryMeta.xsl"?>
<IFDEntryMetaCollection>

	<IFDEntryMeta>
		<name>Unknown</name>
		<tag>0xffffffff</tag>
		<fieldTypes>
			<type>-1</type>
		</fieldTypes>
	</IFDEntryMeta>
	
	<IFDEntryMeta>
		<name>GPSVersionID</name>
		<tag>0x0</tag>
		<count>4</count>
		<defaultValue>33554432</defaultValue>
		<fieldTypes>
			<type>1</type>
		</fieldTypes>
	</IFDEntryMeta>
	
	<IFDEntryMeta>
		<name>GPSLatitudeRef</name>
		<tag>0x1</tag>
		<count>2</count>
		<defaultValue>-1</defaultValue>
		<flags>8</flags>
		<fieldTypes>
			<type>2</type>
		</fieldTypes>
		<possibleValues>
			<pValue>
				<value>78</value>
				<description>North latitude</description>
			</pValue>
			<pValue>
				<value>83</value>
				<description>South latitude</description>
			</pValue>
		</possibleValues>
	</IFDEntryMeta>
	
	<IFDEntryMeta>
		<name>GPSLatitude</name>
		<tag>0x2</tag>
		<count>3</count>
		<flags>8</flags>
		<fieldTypes>
			<type>5</type>
		</fieldTypes>
	</IFDEntryMeta>
	
	<IFDEntryMeta>
		<name>PageNumber</name>
		<tag>0x3</tag>
		<flags>1</flags>
		<fieldTypes>
			<type>2</type>
		</fieldTypes>
	</IFDEntryMeta>
	
	<IFDEntryMeta>
		<name>GPSLongitude</name>
		<tag>0x4</tag>
		<count>3</count>
		<flags>8</flags>
		<fieldTypes>
			<type>5</type>
		</fieldTypes>
	</IFDEntryMeta>
	
	<IFDEntryMeta>
		<name>GPSAltitudeRef</name>
		<tag>0x5</tag>
		<count>1</count>
		<flags>8</flags>
		<fieldTypes>
			<type>1</type>
		</fieldTypes>
		<possibleValues>
			<pValue>
				<value>0</value>
				<description>Sea level</description>
			</pValue>
		</possibleValues>
	</IFDEntryMeta>
	
	<IFDEntryMeta>
		<name>GPSAltitude</name>
		<tag>0x6</tag>
		<count>1</count>
		<flags>8</flags>
		<fieldTypes>
			<type>5</type>
		</fieldTypes>
	</IFDEntryMeta>
	
	<IFDEntryMeta>
		<name>GPSTimeStamp</name>
		<tag>0x7</tag>
		<count>3</count>
		<flags>8</flags>
		<fieldTypes>
			<type>5</type>
		</fieldTypes>
	</IFDEntryMeta>
	
	<IFDEntryMeta>
		<name>GPSSatellites</name>
		<tag>0x8</tag>
		<flags>8</flags>
		<fieldTypes>
			<type>2</type>
		</fieldTypes>
	</IFDEntryMeta>
	
	<IFDEntryMeta>
		<name>GPSStatus</name>
		<tag>0x9</tag>
		<count>2</count>
		<defaultValue>-1</defaultValue>
		<flags>8</flags>
		<fieldTypes>
			<type>2</type>
		</fieldTypes>
		<possibleValues>
			<pValue>
				<value>65</value>
				<description>Measurement in progress</description>
			</pValue>
			<pValue>
				<value>86</value>
				<description>Measurement Interoperability</description>
			</pValue>
		</possibleValues>
	</IFDEntryMeta>
	
	<IFDEntryMeta>
		<name>GPSMeasureMode</name>
		<tag>0xa</tag>
		<count>2</count>
		<defaultValue>-1</defaultValue>
		<flags>8</flags>
		<fieldTypes>
			<type>2</type>
		</fieldTypes>
		<possibleValues>
			<pValue>
				<value>50</value>
				<description>2-dimensional measurement</description>
			</pValue>
			<pValue>
				<value>51</value>
				<description>3-dimensional measurement</description>
			</pValue>
		</possibleValues>
	</IFDEntryMeta>
	
	<IFDEntryMeta>
		<name>GPSDOP</name>
		<tag>0xb</tag>
		<count>1</count>
		<flags>8</flags>
		<fieldTypes>
			<type>5</type>
		</fieldTypes>
	</IFDEntryMeta>
	
	<IFDEntryMeta>
		<name>GPSSpeedRef</name>
		<tag>0xc</tag>
		<count>2</count>
		<defaultValue>75</defaultValue>
		<flags>8</flags>
		<fieldTypes>
			<type>2</type>
		</fieldTypes>
		<possibleValues>
			<pValue>
				<value>75</value>
				<description>Kilometers per hour</description>
			</pValue>
			<pValue>
				<value>77</value>
				<description>Miles per hour</description>
			</pValue>
			<pValue>
				<value>78</value>
				<description>Knots</description>
			</pValue>
		</possibleValues>
	</IFDEntryMeta>
	
	<IFDEntryMeta>
		<name>GPSSpeed</name>
		<tag>0xd</tag>
		<count>1</count>
		<flags>8</flags>
		<fieldTypes>
			<type>5</type>
		</fieldTypes>
	</IFDEntryMeta>
	
	<IFDEntryMeta>
		<name>GPSTrackRef</name>
		<tag>0xe</tag>
		<count>2</count>
		<defaultValue>84</defaultValue>
		<flags>8</flags>
		<fieldTypes>
			<type>2</type>
		</fieldTypes>
		<possibleValues>
			<pValue>
				<value>84</value>
				<description>True direction</description>
			</pValue>
			<pValue>
				<value>77</value>
				<description>Magnetic direction</description>
			</pValue>
		</possibleValues>
	</IFDEntryMeta>
	
	<IFDEntryMeta>
		<name>GPSTrack</name>
		<tag>0xf</tag>
		<count>1</count>
		<flags>8</flags>
		<fieldTypes>
			<type>5</type>
		</fieldTypes>
	</IFDEntryMeta>
	
	<IFDEntryMeta>
		<name>GPSImgDirectionRef</name>
		<tag>0x10</tag>
		<count>2</count>
		<defaultValue>84</defaultValue>
		<flags>8</flags>
		<fieldTypes>
			<type>2</type>
		</fieldTypes>
		<possibleValues>
			<pValue>
				<value>84</value>
				<description>True direction</description>
			</pValue>
			<pValue>
				<value>77</value>
				<description>Magnetic direction</description>
			</pValue>
		</possibleValues>
	</IFDEntryMeta>
	
	<IFDEntryMeta>
		<name>GPSImgDirection</name>
		<tag>0x11</tag>
		<count>1</count>
		<flags>8</flags>
		<fieldTypes>
			<type>5</type>
		</fieldTypes>
	</IFDEntryMeta>
	
	<IFDEntryMeta>
		<name>GPSMapDatum</name>
		<tag>0x12</tag>
		<flags>8</flags>
		<fieldTypes>
			<type>2</type>
		</fieldTypes>
	</IFDEntryMeta>
	
	<IFDEntryMeta>
		<name>GPSDestLatitudeRef</name>
		<tag>0x13</tag>
		<count>2</count>
		<defaultValue>-1</defaultValue>
		<flags>8</flags>
		<fieldTypes>
			<type>2</type>
		</fieldTypes>
		<possibleValues>
			<pValue>
				<value>78</value>
				<description>North latitude</description>
			</pValue>
			<pValue>
				<value>83</value>
				<description>Sourth latitude</description>
			</pValue>
		</possibleValues>
	</IFDEntryMeta>
	
	<IFDEntryMeta>
		<name>GPSDestLatitude</name>
		<tag>0x14</tag>
		<count>3</count>
		<flags>8</flags>
		<fieldTypes>
			<type>5</type>
		</fieldTypes>
	</IFDEntryMeta>
	
	<IFDEntryMeta>
		<name>GPSDestLongitudeRef</name>
		<tag>0x15</tag>
		<count>2</count>
		<defaultValue>-1</defaultValue>
		<flags>8</flags>
		<fieldTypes>
			<type>2</type>
		</fieldTypes>
		<possibleValues>
			<pValue>
				<value>69</value>
				<description>East longitude</description>
			</pValue>
			<pValue>
				<value>87</value>
				<description>West longitude</description>
			</pValue>
		</possibleValues>
	</IFDEntryMeta>
	
	<IFDEntryMeta>
		<name>GPSDestLongitude</name>
		<tag>0x16</tag>
		<count>3</count>
		<flags>8</flags>
		<fieldTypes>
			<type>2</type>
		</fieldTypes>
	</IFDEntryMeta>
	
	<IFDEntryMeta>
		<name>GPSDestBearingRef</name>
		<tag>0x17</tag>
		<count>2</count>
		<defaultValue>84</defaultValue>
		<flags>8</flags>
		<fieldTypes>
			<type>2</type>
		</fieldTypes>
		<possibleValues>
			<pValue>
				<value>84</value>
				<description>True direction</description>
			</pValue>
			<pValue>
				<value>77</value>
				<description>Magnetic direction</description>
			</pValue>
		</possibleValues>
	</IFDEntryMeta>
	
	<IFDEntryMeta>
		<name>GPSDestBearing</name>
		<tag>0x18</tag>
		<count>1</count>
		<flags>8</flags>
		<fieldTypes>
			<type>5</type>
		</fieldTypes>
	</IFDEntryMeta>
	
	<IFDEntryMeta>
		<name>GPSDestDistanceRef</name>
		<tag>0x19</tag>
		<count>2</count>
		<defaultValue>75</defaultValue>
		<flags>8</flags>
		<fieldTypes>
			<type>2</type>
		</fieldTypes>
		<possibleValues>
			<pValue>
				<value>75</value>
				<description>Kilometers per hour</description>
			</pValue>
			<pValue>
				<value>77</value>
				<description>Miles per hour</description>
			</pValue>
			<pValue>
				<value>78</value>
				<description>Knots</description>
			</pValue>
		</possibleValues>
	</IFDEntryMeta>
	
	<IFDEntryMeta>
		<name>GPSDestDistance</name>
		<tag>0x1a</tag>
		<count>1</count>
		<flags>8</flags>
		<fieldTypes>
			<type>2</type>
		</fieldTypes>
	</IFDEntryMeta>
	
	<IFDEntryMeta>
		<name>NewSubfileType</name>
		<tag>0xfe</tag>
		<count>1</count>
		<fieldTypes>
			<type>4</type>
		</fieldTypes>
	</IFDEntryMeta>
	
	<IFDEntryMeta>
		<name>SubfilType</name>
		<tag>0xff</tag>
		<count>1</count>
		<fieldTypes>
			<type>3</type>
		</fieldTypes>
		<possibleValues>
			<pValue>
				<value>1</value>
				<description>full-resolution image data</description>
			</pValue>
			<pValue>
				<value>2</value>
				<description>reduced-resolution image data</description>
			</pValue>
			<pValue>
				<value>3</value>
				<description>a single page of multi-page image</description>
			</pValue>
		</possibleValues>
	</IFDEntryMeta>
	
	<IFDEntryMeta>
		<name>ImageWidth</name>
		<tag>0x100</tag>
		<count>1</count>
		<flags>2</flags>
		<fieldTypes>
			<type>3</type>
			<type>4</type>
		</fieldTypes>
	</IFDEntryMeta>
	
	<IFDEntryMeta>
		<name>ImageLength</name>
		<tag>0x101</tag>
		<count>1</count>
		<flags>2</flags>
		<fieldTypes>
			<type>3</type>
			<type>4</type>
		</fieldTypes>
	</IFDEntryMeta>
	
	<IFDEntryMeta>
		<name>BitsPerSample</name>
		<tag>0x102</tag>
		<flags>2</flags>
		<fieldTypes>
			<type>3</type>
		</fieldTypes>
	</IFDEntryMeta>
	
	<IFDEntryMeta>
		<name>Compression</name>
		<tag>0x103</tag>
		<count>1</count>
		<defaultValue>1</defaultValue>
		<flags>2</flags>
		<fieldTypes>
			<type>3</type>
		</fieldTypes>
		<possibleValues>
			<pValue>
				<value>1</value>
				<description>uncompressed</description>
			</pValue>
			<pValue>
				<value>2</value>
				<description>CCITT 1D</description>
			</pValue>
			<pValue>
				<value>3</value>
				<description>Group 3 Fax</description>
			</pValue>
			<pValue>
				<value>4</value>
				<description>Group 4 Fax</description>
			</pValue>
			<pValue>
				<value>5</value>
				<description>LZW</description>
			</pValue>
			<pValue>
				<value>7</value>
				<description>JPEG</description>
			</pValue>
			<pValue>
				<value>8</value>
				<description>ZIP</description>
			</pValue>
			<pValue>
				<value>32773</value>
				<description>PackBits</description>
			</pValue>
		</possibleValues>
	</IFDEntryMeta>
	
	<IFDEntryMeta>
		<name>PhotometricInterpretation</name>
		<tag>0x106</tag>
		<count>1</count>
		<flags>2</flags>
		<fieldTypes>
			<type>3</type>
		</fieldTypes>
		<possibleValues>
			<pValue>
				<value>0</value>
				<description>WhiteIsZero</description>
			</pValue>
			<pValue>
				<value>1</value>
				<description>BlackIsZero</description>
			</pValue>
			<pValue>
				<value>2</value>
				<description>RGB</description>
			</pValue>
			<pValue>
				<value>3</value>
				<description>RGB Palette</description>
			</pValue>
			<pValue>
				<value>4</value>
				<description>Transparency Mask</description>
			</pValue>
			<pValue>
				<value>5</value>
				<description>CMYK</description>
			</pValue>
			<pValue>
				<value>6</value>
				<description>YCbCr</description>
			</pValue>
			<pValue>
				<value>8</value>
				<description>CIELab</description>
			</pValue>
			<pValue>
				<value>32803</value>
				<description>Color Filter Array</description>
			</pValue>
		</possibleValues>
	</IFDEntryMeta>
	
	<IFDEntryMeta>
		<name>Treshholding</name>
		<tag>0x107</tag>
		<count>1</count>
		<defaultValue>1</defaultValue>
		<fieldTypes>
			<type>3</type>
		</fieldTypes>
		<possibleValues>
			<pValue>
				<value>1</value>
				<description>no dithering/halftoning</description>
			</pValue>
			<pValue>
				<value>2</value>
				<description>ordered dithering/halftoning</description>
			</pValue>
			<pValue>
				<value>3</value>
				<description>randomized (error diffusion)</description>
			</pValue>
		</possibleValues>
	</IFDEntryMeta>
	
	<IFDEntryMeta>
		<name>CellWidth</name>
		<tag>0x108</tag>
		<count>1</count>
		<fieldTypes>
			<type>3</type>
		</fieldTypes>
	</IFDEntryMeta>
	
	<IFDEntryMeta>
		<name>CellLength</name>
		<tag>0x109</tag>
		<count>1</count>
		<fieldTypes>
			<type>3</type>
		</fieldTypes>
	</IFDEntryMeta>
	
	<IFDEntryMeta>
		<name>FillOrder</name>
		<tag>0x10a</tag>
		<count>1</count>
		<defaultValue>1</defaultValue>
		<fieldTypes>
			<type>3</type>
		</fieldTypes>
		<possibleValues>
			<pValue>
				<value>1</value>
				<description>pixels with lower column values are stored in the higher-order bits of the byte</description>
			</pValue>
			<pValue>
				<value>2</value>
				<description>pixels with lower column values are stored in the lower-order bits of the byte</description>
			</pValue>
		</possibleValues>
	</IFDEntryMeta>
	
	<IFDEntryMeta>
		<name>ImageDescription</name>
		<tag>0x10e</tag>
		<flags>1</flags>
		<fieldTypes>
			<type>2</type>
		</fieldTypes>
	</IFDEntryMeta>
	
	<IFDEntryMeta>
		<name>Make</name>
		<tag>0x10f</tag>
		<flags>1</flags>
		<fieldTypes>
			<type>2</type>
		</fieldTypes>
	</IFDEntryMeta>
	
	<IFDEntryMeta>
		<name>Model</name>
		<tag>0x110</tag>
		<flags>1</flags>
		<fieldTypes>
			<type>2</type>
		</fieldTypes>
	</IFDEntryMeta>
	
	<IFDEntryMeta>
		<name>StripOffsets</name>
		<tag>0x111</tag>
		<count>-1</count>
		<fieldTypes>
			<type>3</type>
			<type>4</type>
		</fieldTypes>
	</IFDEntryMeta>
	
	<IFDEntryMeta>
		<name>Orientation</name>
		<tag>0x112</tag>
		<count>1</count>
		<defaultValue>1</defaultValue>
		<fieldTypes>
			<type>3</type>
		</fieldTypes>
		<possibleValues>
			<pValue>
				<value>1</value>
				<description>(0, 0) is top-left</description>
			</pValue>
			<pValue>
				<value>2</value>
				<description>(0, 0) is top-right</description>
			</pValue>
			<pValue>
				<value>3</value>
				<description>(0, 0) is bottom-right</description>
			</pValue>
			<pValue>
				<value>4</value>
				<description>(0, 0) is bottom-left</description>
			</pValue>
			<pValue>
				<value>5</value>
				<description>(0, 0) is left-top</description>
			</pValue>
			<pValue>
				<value>6</value>
				<description>(0, 0) is right-top</description>
			</pValue>
			<pValue>
				<value>7</value>
				<description>(0, 0) is right-bottom</description>
			</pValue>
			<pValue>
				<value>8</value>
				<description>(0, 0) is left-bottom</description>
			</pValue>
		</possibleValues>
	</IFDEntryMeta>
	
	<IFDEntryMeta>
		<name>SamplesPerPixel</name>
		<tag>0x115</tag>
		<count>1</count>
		<defaultValue>1</defaultValue>
		<fieldTypes>
			<type>3</type>
		</fieldTypes>
	</IFDEntryMeta>
	
	<IFDEntryMeta>
		<name>RowsPerStrip</name>
		<tag>0x116</tag>
		<count>1</count>
		<fieldTypes>
			<type>3</type>
			<type>4</type>
		</fieldTypes>
	</IFDEntryMeta>
	
	<IFDEntryMeta>
		<name>StripByteCount</name>
		<tag>0x117</tag>
		<fieldTypes>
			<type>3</type>
			<type>4</type>
		</fieldTypes>
	</IFDEntryMeta>
	
	<IFDEntryMeta>
		<name>MinSampleValue</name>
		<tag>0x118</tag>
		<fieldTypes>
			<type>3</type>
		</fieldTypes>
	</IFDEntryMeta>
	
	<IFDEntryMeta>
		<name>MaxSampleValue</name>
		<tag>0x119</tag>
		<fieldTypes>
			<type>3</type>
		</fieldTypes>
	</IFDEntryMeta>
	
	<IFDEntryMeta>
		<name>XResolution</name>
		<tag>0x11a</tag>
		<count>1</count>
		<flags>2</flags>
		<fieldTypes>
			<type>5</type>
		</fieldTypes>
	</IFDEntryMeta>
	
	<IFDEntryMeta>
		<name>YResolution</name>
		<tag>0x11b</tag>
		<count>1</count>
		<flags>2</flags>
		<fieldTypes>
			<type>5</type>
		</fieldTypes>
	</IFDEntryMeta>
	
	<IFDEntryMeta>
		<name>PlanarConfiguration</name>
		<tag>0x11c</tag>
		<count>1</count>
		<defaultValue>1</defaultValue>
		<flags>2</flags>
		<fieldTypes>
			<type>3</type>
		</fieldTypes>
		<possibleValues>
			<pValue>
				<value>1</value>
				<description>Chunky format</description>
			</pValue>
			<pValue>
				<value>2</value>
				<description>Planar format</description>
			</pValue>
		</possibleValues>
	</IFDEntryMeta>
	
	<IFDEntryMeta>
		<name>FreeOffsets</name>
		<tag>0x120</tag>
		<fieldTypes>
			<type>4</type>
		</fieldTypes>
	</IFDEntryMeta>
	
	<IFDEntryMeta>
		<name>FreeByteCounts</name>
		<tag>0x121</tag>
		<fieldTypes>
			<type>4</type>
		</fieldTypes>
	</IFDEntryMeta>
	
	<IFDEntryMeta>
		<name>GrayResponseUnit</name>
		<tag>0x122</tag>
		<count>1</count>
		<defaultValue>2</defaultValue>
		<fieldTypes>
			<type>3</type>
		</fieldTypes>
		<possibleValues>
			<pValue>
				<value>1</value>
				<description>tenths</description>
			</pValue>
			<pValue>
				<value>2</value>
				<description>hundreds</description>
			</pValue>
			<pValue>
				<value>3</value>
				<description>thousands</description>
			</pValue>
			<pValue>
				<value>4</value>
				<description>ten-thousands</description>
			</pValue>
			<pValue>
				<value>5</value>
				<description>hundred-thousands</description>
			</pValue>
		</possibleValues>
	</IFDEntryMeta>
	
	<IFDEntryMeta>
		<name>GrayResponseCurve</name>
		<tag>0x123</tag>
		<fieldTypes>
			<type>3</type>
		</fieldTypes>
	</IFDEntryMeta>
	
	<IFDEntryMeta>
		<name>t4Options</name>
		<tag>0x124</tag>
		<count>1</count>
		<fieldTypes>
			<type>4</type>
		</fieldTypes>
	</IFDEntryMeta>
	
	<IFDEntryMeta>
		<name>t6Options</name>
		<tag>0x125</tag>
		<count>1</count>
		<fieldTypes>
			<type>4</type>
		</fieldTypes>
	</IFDEntryMeta>
	
	<IFDEntryMeta>
		<name>ResolutionUnit</name>
		<tag>0x128</tag>
		<count>1</count>
		<defaultValue>2</defaultValue>
		<flags>2</flags>
		<fieldTypes>
			<type>3</type>
		</fieldTypes>
		<possibleValues>
			<pValue>
				<value>1</value>
				<description>no unit</description>
			</pValue>
			<pValue>
				<value>2</value>
				<description>inch</description>
			</pValue>
			<pValue>
				<value>3</value>
				<description>centimeter</description>
			</pValue>
		</possibleValues>
	</IFDEntryMeta>
	
	<IFDEntryMeta>
		<name>TransferFunction</name>
		<tag>0x12d</tag>
		<fieldTypes>
			<type>3</type>
		</fieldTypes>
	</IFDEntryMeta>
	
	<IFDEntryMeta>
		<name>Software</name>
		<tag>0x131</tag>
		<flags>1</flags>
		<fieldTypes>
			<type>2</type>
		</fieldTypes>
	</IFDEntryMeta>
	
	<IFDEntryMeta>
		<name>DateTime</name>
		<tag>0x132</tag>
		<count>20</count>
		<format>YYYY:MM:DD HH:MM:SS</format>
		<flags>1</flags>
		<fieldTypes>
			<type>2</type>
		</fieldTypes>
	</IFDEntryMeta>
	
	<IFDEntryMeta>
		<name>Artist</name>
		<tag>0x13b</tag>
		<flags>1</flags>
		<fieldTypes>
			<type>2</type>
		</fieldTypes>
	</IFDEntryMeta>
	
	<IFDEntryMeta>
		<name>HostComputer</name>
		<tag>0x13c</tag>
		<flags>1</flags>
		<fieldTypes>
			<type>2</type>
		</fieldTypes>
	</IFDEntryMeta>
	
	<IFDEntryMeta>
		<name>HorizontalPredictor</name>
		<tag>0x13d</tag>
		<count>1</count>
		<defaultValue>1</defaultValue>
		<fieldTypes>
			<type>3</type>
		</fieldTypes>
		<possibleValues>
			<pValue>
				<value>1</value>
				<description>No prediction scheme used</description>
			</pValue>
			<pValue>
				<value>2</value>
				<description>Horizontal differencing.</description>
			</pValue>
		</possibleValues>
	</IFDEntryMeta>
	
	<IFDEntryMeta>
		<name>WhitePoint</name>
		<tag>0x13e</tag>
		<count>2</count>
		<fieldTypes>
			<type>5</type>
		</fieldTypes>
	</IFDEntryMeta>
	
	<IFDEntryMeta>
		<name>PrimaryChromaticities</name>
		<tag>0x13f</tag>
		<count>6</count>
		<fieldTypes>
			<type>5</type>
		</fieldTypes>
	</IFDEntryMeta>
	
	<IFDEntryMeta>
		<name>ColorMap</name>
		<tag>0x140</tag>
		<fieldTypes>
			<type>3</type>
		</fieldTypes>
	</IFDEntryMeta>
	
	<IFDEntryMeta>
		<name>TileWidth</name>
		<tag>0x142</tag>
		<count>1</count>
		<fieldTypes>
			<type>3</type>
			<type>4</type>
		</fieldTypes>
	</IFDEntryMeta>
	
	<IFDEntryMeta>
		<name>TileLength</name>
		<tag>0x143</tag>
		<count>1</count>
		<fieldTypes>
			<type>3</type>
			<type>4</type>
		</fieldTypes>
	</IFDEntryMeta>
	
	<IFDEntryMeta>
		<name>TileOffsets</name>
		<tag>0x144</tag>
		<fieldTypes>
			<type>4</type>
		</fieldTypes>
	</IFDEntryMeta>
	
	<IFDEntryMeta>
		<name>TileByteCounts</name>
		<tag>0x145</tag>
		<fieldTypes>
			<type>3</type>
			<type>4</type>
		</fieldTypes>
	</IFDEntryMeta>
	
	<IFDEntryMeta>
		<name>SubIFDs</name>
		<tag>0x14a</tag>
		<fieldTypes>
			<type>4</type>
			<type>13</type>
		</fieldTypes>
	</IFDEntryMeta>
	
	<IFDEntryMeta>
		<name>InkSet</name>
		<tag>0x14c</tag>
		<count>1</count>
		<fieldTypes>
			<type>3</type>
		</fieldTypes>
	</IFDEntryMeta>
	
	<IFDEntryMeta>
		<name>InkNames</name>
		<tag>0x14d</tag>
		<fieldTypes>
			<type>2</type>
		</fieldTypes>
	</IFDEntryMeta>
	
	<IFDEntryMeta>
		<name>NumberOfInks</name>
		<tag>0x14e</tag>
		<count>1</count>
		<fieldTypes>
			<type>3</type>
		</fieldTypes>
	</IFDEntryMeta>
	
	<IFDEntryMeta>
		<name>DotRange</name>
		<tag>0x150</tag>
		<fieldTypes>
			<type>1</type>
			<type>3</type>
		</fieldTypes>
	</IFDEntryMeta>
	
	<IFDEntryMeta>
		<name>TargetPrinter</name>
		<tag>0x151</tag>
		<fieldTypes>
			<type>2</type>
		</fieldTypes>
	</IFDEntryMeta>
	
	<IFDEntryMeta>
		<name>ExtraSamples</name>
		<tag>0x152</tag>
		<fieldTypes>
			<type>3</type>
		</fieldTypes>
		<possibleValues>
			<pValue>
				<value>0</value>
				<description>Unspecified data</description>
			</pValue>
			<pValue>
				<value>1</value>
				<description>Associated alpha data (premultiplied)</description>
			</pValue>
			<pValue>
				<value>2</value>
				<description>Unassociated data</description>
			</pValue>
		</possibleValues>
	</IFDEntryMeta>
	
	<IFDEntryMeta>
		<name>SampleFormat</name>
		<tag>0x153</tag>
		<fieldTypes>
			<type>3</type>
		</fieldTypes>
	</IFDEntryMeta>
	
	<IFDEntryMeta>
		<name>SMinSampleValue</name>
		<tag>0x154</tag>
		<fieldTypes>
			<type>0</type>
		</fieldTypes>
	</IFDEntryMeta>
	
	<IFDEntryMeta>
		<name>SMaxSampleValue</name>
		<tag>0x155</tag>
		<fieldTypes>
			<type>0</type>
		</fieldTypes>
	</IFDEntryMeta>
	
	<IFDEntryMeta>
		<name>TransferRange</name>
		<tag>0x156</tag>
		<count>6</count>
		<fieldTypes>
			<type>3</type>
		</fieldTypes>
	</IFDEntryMeta>
	
	<IFDEntryMeta>
		<name>JPEGTables</name>
		<tag>0x15b</tag>
		<count>-1</count>
		<fieldTypes>
			<type>7</type>
		</fieldTypes>
	</IFDEntryMeta>
	
	<IFDEntryMeta>
		<name>JpegSoi</name>
		<tag>0x201</tag>
		<count>1</count>
		<fieldTypes>
			<type>4</type>
		</fieldTypes>
	</IFDEntryMeta>
	
	<IFDEntryMeta>
		<name>JpegDataLength</name>
		<tag>0x202</tag>
		<count>1</count>
		<fieldTypes>
			<type>4</type>
		</fieldTypes>
	</IFDEntryMeta>
	
	<IFDEntryMeta>
		<name>YCbCrCoefficients</name>
		<tag>0x211</tag>
		<count>3</count>
		<fieldTypes>
			<type>5</type>
		</fieldTypes>
	</IFDEntryMeta>
	
	<IFDEntryMeta>
		<name>YCbCrSubsampling</name>
		<tag>0x212</tag>
		<count>2</count>
		<fieldTypes>
			<type>3</type>
		</fieldTypes>
	</IFDEntryMeta>
	
	<IFDEntryMeta>
		<name>YCbCrPositioning</name>
		<tag>0x213</tag>
		<count>1</count>
		<defaultValue>1</defaultValue>
		<fieldTypes>
			<type>3</type>
		</fieldTypes>
	</IFDEntryMeta>
	
	<IFDEntryMeta>
		<name>ReferenceBlackWhite</name>
		<tag>0x214</tag>
		<count>6</count>
		<fieldTypes>
			<type>5</type>
		</fieldTypes>
	</IFDEntryMeta>
	
	<IFDEntryMeta>
		<name>DocumentName</name>
		<tag>0x269</tag>
		<flags>1</flags>
		<fieldTypes>
			<type>2</type>
		</fieldTypes>
	</IFDEntryMeta>
	
	<IFDEntryMeta>
		<name>PageName</name>
		<tag>0x285</tag>
		<flags>1</flags>
		<fieldTypes>
			<type>2</type>
		</fieldTypes>
	</IFDEntryMeta>
	
	<IFDEntryMeta>
		<name>XPosition</name>
		<tag>0x286</tag>
		<count>1</count>
		<flags>1</flags>
		<fieldTypes>
			<type>5</type>
		</fieldTypes>
	</IFDEntryMeta>
	
	<IFDEntryMeta>
		<name>YPosition</name>
		<tag>0x287</tag>
		<count>1</count>
		<flags>1</flags>
		<fieldTypes>
			<type>5</type>
		</fieldTypes>
	</IFDEntryMeta>
	
	<IFDEntryMeta>
		<name>T4Options</name>
		<tag>0x292</tag>
		<count>1</count>
		<fieldTypes>
			<type>4</type>
		</fieldTypes>
		<possibleValues>
			<pValue>
				<value>0</value>
				<description>basic 1-dimensional encoding</description>
			</pValue>
			<pValue>
				<value>1</value>
				<description>2-D encoding</description>
			</pValue>
			<pValue>
				<value>2</value>
				<description>uncompressed mode is used</description>
			</pValue>
			<pValue>
				<value>3</value>
				<description>n/a</description>
			</pValue>
			<pValue>
				<value>4</value>
				<description>1-d encoding with fill bits before EOL</description>
			</pValue>
			<pValue>
				<value>5</value>
				<description>2-d encoding with fill bits before EOL</description>
			</pValue>
			<pValue>
				<value>6</value>
				<description>uncompressed mode with fill bits before EOL ???</description>
			</pValue>
			<pValue>
				<value>7</value>
				<description>n/a</description>
			</pValue>
		</possibleValues>
	</IFDEntryMeta>
	
	<IFDEntryMeta>
		<name>T6Options</name>
		<tag>0x293</tag>
		<count>1</count>
		<fieldTypes>
			<type>4</type>
		</fieldTypes>
		<possibleValues>
			<pValue>
				<value>0</value>
				<description></description>
			</pValue>
			<pValue>
				<value>3</value>
				<description>uncompressed mode is allowed</description>
			</pValue>
		</possibleValues>
	</IFDEntryMeta>
	
	<IFDEntryMeta>
		<name>XMP</name>
		<tag>0x2bc</tag>
		<flags>5</flags>
		<fieldTypes>
			<type>1</type>
		</fieldTypes>
	</IFDEntryMeta>
	
	<IFDEntryMeta>
		<name>CFARepeatPatternDIM</name>
		<tag>0x828d</tag>
		<count>2</count>
		<fieldTypes>
			<type>3</type>
		</fieldTypes>
	</IFDEntryMeta>
	
	<IFDEntryMeta>
		<name>NEFCFAPattern</name>
		<tag>0x828e</tag>
		<count>4</count>
		<fieldTypes>
			<type>1</type>
		</fieldTypes>
	</IFDEntryMeta>
	
	<IFDEntryMeta>
		<name>Copyright</name>
		<tag>0x8298</tag>
		<fieldTypes>
			<type>2</type>
		</fieldTypes>
	</IFDEntryMeta>
	
	<IFDEntryMeta>
		<name>ExposureTime</name>
		<tag>0x829a</tag>
		<count>1</count>
		<flags>1</flags>
		<fieldTypes>
			<type>5</type>
		</fieldTypes>
	</IFDEntryMeta>
	
	<IFDEntryMeta>
		<name>FNumber</name>
		<tag>0x829d</tag>
		<count>1</count>
		<fieldTypes>
			<type>5</type>
		</fieldTypes>
	</IFDEntryMeta>
	
	<IFDEntryMeta>
		<name>IPTC</name>
		<tag>0x83bb</tag>
		<flags>5</flags>
		<fieldTypes>
			<type>7</type>
		</fieldTypes>
	</IFDEntryMeta>
	
	<IFDEntryMeta>
		<name>IPTC2</name>
		<tag>0x8568</tag>
		<flags>5</flags>
		<fieldTypes>
			<type>7</type>
		</fieldTypes>
	</IFDEntryMeta>
	
	<IFDEntryMeta>
		<name>App13</name>
		<tag>0x8649</tag>
		<flags>5</flags>
		<fieldTypes>
			<type>7</type>
		</fieldTypes>
	</IFDEntryMeta>
	
	<IFDEntryMeta>
		<name>ExifPointer</name>
		<tag>0x8769</tag>
		<count>1</count>
		<fieldTypes>
			<type>4</type>
		</fieldTypes>
	</IFDEntryMeta>
	
	<IFDEntryMeta>
		<name>ExposureProgram</name>
		<tag>0x8822</tag>
		<count>1</count>
		<defaultValue>-1</defaultValue>
		<flags>1</flags>
		<fieldTypes>
			<type>3</type>
		</fieldTypes>
		<possibleValues>
			<pValue>
				<value>0</value>
				<description>Not defined</description>
			</pValue>
			<pValue>
				<value>1</value>
				<description>Manual</description>
			</pValue>
			<pValue>
				<value>2</value>
				<description>Normal program</description>
			</pValue>
			<pValue>
				<value>3</value>
				<description>Aperture priority</description>
			</pValue>
			<pValue>
				<value>4</value>
				<description>Shutter priority</description>
			</pValue>
			<pValue>
				<value>5</value>
				<description>Creative program (biased toward depth of field)</description>
			</pValue>
			<pValue>
				<value>6</value>
				<description>Action program (biased toward fast shutter speed)</description>
			</pValue>
			<pValue>
				<value>7</value>
				<description>Portrait mode (for closeup photos with the background out of focus)</description>
			</pValue>
			<pValue>
				<value>8</value>
				<description>Landscape mode (for landscape photos with the background in focus)</description>
			</pValue>
		</possibleValues>
	</IFDEntryMeta>
	
	<IFDEntryMeta>
		<name>SpectralSensitivity</name>
		<tag>0x8824</tag>
		<flags>1</flags>
		<fieldTypes>
			<type>2</type>
		</fieldTypes>
	</IFDEntryMeta>
	
	<IFDEntryMeta>
		<name>GPSInfoIFDPointer</name>
		<tag>0x8825</tag>
		<count>1</count>
		<fieldTypes>
			<type>4</type>
		</fieldTypes>
	</IFDEntryMeta>
	
	<IFDEntryMeta>
		<name>ISOSpeedRatings</name>
		<tag>0x8827</tag>
		<flags>1</flags>
		<fieldTypes>
			<type>3</type>
		</fieldTypes>
	</IFDEntryMeta>
	
	<IFDEntryMeta>
		<name>OECF</name>
		<tag>0x8828</tag>
		<fieldTypes>
			<type>7</type>
		</fieldTypes>
	</IFDEntryMeta>
	
	<IFDEntryMeta>
		<name>ExifVersion</name>
		<tag>0x9000</tag>
		<count>4</count>
		<defaultValue>808595760</defaultValue>
		<fieldTypes>
			<type>7</type>
		</fieldTypes>
	</IFDEntryMeta>
	
	<IFDEntryMeta>
		<name>DateTimeOriginal</name>
		<tag>0x9003</tag>
		<count>20</count>
		<flags>1</flags>
		<fieldTypes>
			<type>2</type>
		</fieldTypes>
	</IFDEntryMeta>
	
	<IFDEntryMeta>
		<name>DateTimeDigitized</name>
		<tag>0x9004</tag>
		<count>20</count>
		<flags>1</flags>
		<fieldTypes>
			<type>2</type>
		</fieldTypes>
	</IFDEntryMeta>
	
	<IFDEntryMeta>
		<name>ComponentsConfiguration</name>
		<tag>0x9101</tag>
		<count>4</count>
		<defaultValue>875902512</defaultValue>
		<fieldTypes>
			<type>7</type>
		</fieldTypes>
		<possibleValues>
			<pValue>
				<value>875902512</value>
				<description>RGB (uncompressed)</description>
			</pValue>
			<pValue>
				<value>825373488</value>
				<description>YCrCb</description>
			</pValue>
		</possibleValues>
	</IFDEntryMeta>
	
	<IFDEntryMeta>
		<name>CompressedBitsPerPixel</name>
		<tag>0x9102</tag>
		<count>1</count>
		<fieldTypes>
			<type>5</type>
		</fieldTypes>
	</IFDEntryMeta>
	
	<IFDEntryMeta>
		<name>ShutterSpeedValue</name>
		<tag>0x9201</tag>
		<count>1</count>
		<flags>1</flags>
		<fieldTypes>
			<type>10</type>
		</fieldTypes>
	</IFDEntryMeta>
	
	<IFDEntryMeta>
		<name>ApertureValue</name>
		<tag>0x9202</tag>
		<count>1</count>
		<flags>1</flags>
		<fieldTypes>
			<type>5</type>
		</fieldTypes>
	</IFDEntryMeta>
	
	<IFDEntryMeta>
		<name>BrightnessValue</name>
		<tag>0x9203</tag>
		<count>1</count>
		<flags>1</flags>
		<fieldTypes>
			<type>10</type>
		</fieldTypes>
	</IFDEntryMeta>
	
	<IFDEntryMeta>
		<name>ExposureBiasValue</name>
		<tag>0x9204</tag>
		<count>1</count>
		<flags>1</flags>
		<fieldTypes>
			<type>10</type>
		</fieldTypes>
	</IFDEntryMeta>
	
	<IFDEntryMeta>
		<name>MaxApertureValue</name>
		<tag>0x9205</tag>
		<count>1</count>
		<flags>1</flags>
		<fieldTypes>
			<type>5</type>
		</fieldTypes>
	</IFDEntryMeta>
	
	<IFDEntryMeta>
		<name>SubjectDistance</name>
		<tag>0x9206</tag>
		<count>1</count>
		<flags>1</flags>
		<fieldTypes>
			<type>5</type>
		</fieldTypes>
	</IFDEntryMeta>
	
	<IFDEntryMeta>
		<name>MeteringMode</name>
		<tag>0x9207</tag>
		<count>1</count>
		<flags>1</flags>
		<fieldTypes>
			<type>3</type>
		</fieldTypes>
		<possibleValues>
			<pValue>
				<value>0</value>
				<description>unknown</description>
			</pValue>
			<pValue>
				<value>1</value>
				<description>Average</description>
			</pValue>
			<pValue>
				<value>2</value>
				<description>CenterWeightedAverage</description>
			</pValue>
			<pValue>
				<value>3</value>
				<description>Spot</description>
			</pValue>
			<pValue>
				<value>4</value>
				<description>MultiSpot</description>
			</pValue>
			<pValue>
				<value>5</value>
				<description>Pattern</description>
			</pValue>
			<pValue>
				<value>6</value>
				<description>Partial</description>
			</pValue>
			<pValue>
				<value>255</value>
				<description>Other</description>
			</pValue>
		</possibleValues>
	</IFDEntryMeta>
	
	<IFDEntryMeta>
		<name>LightSource</name>
		<tag>0x9208</tag>
		<count>1</count>
		<flags>1</flags>
		<fieldTypes>
			<type>3</type>
		</fieldTypes>
		<possibleValues>
			<pValue>
				<value>0</value>
				<description>unknown</description>
			</pValue>
			<pValue>
				<value>1</value>
				<description>Daylight</description>
			</pValue>
			<pValue>
				<value>2</value>
				<description>Fluorescent</description>
			</pValue>
			<pValue>
				<value>3</value>
				<description>Tungsten</description>
			</pValue>
			<pValue>
				<value>17</value>
				<description>Standard light A</description>
			</pValue>
			<pValue>
				<value>18</value>
				<description>Standard light B</description>
			</pValue>
			<pValue>
				<value>19</value>
				<description>Standard light C</description>
			</pValue>
			<pValue>
				<value>20</value>
				<description>D55</description>
			</pValue>
			<pValue>
				<value>21</value>
				<description>D65</description>
			</pValue>
			<pValue>
				<value>22</value>
				<description>D75</description>
			</pValue>
			<pValue>
				<value>255</value>
				<description>other</description>
			</pValue>
		</possibleValues>
	</IFDEntryMeta>
	
	<IFDEntryMeta>
		<name>Flash</name>
		<tag>0x9209</tag>
		<count>1</count>
		<flags>1</flags>
		<fieldTypes>
			<type>3</type>
		</fieldTypes>
	</IFDEntryMeta>
	
	<IFDEntryMeta>
		<name>FocalLength</name>
		<tag>0x920a</tag>
		<count>1</count>
		<flags>1</flags>
		<fieldTypes>
			<type>5</type>
		</fieldTypes>
	</IFDEntryMeta>
	
	<IFDEntryMeta>
		<name>NEFSensingMethod</name>
		<tag>0x9217</tag>
		<count>4</count>
		<fieldTypes>
			<type>1</type>
		</fieldTypes>
	</IFDEntryMeta>
	
	<IFDEntryMeta>
		<name>UserComment</name>
		<tag>0x9286</tag>
		<flags>1</flags>
		<fieldTypes>
			<type>7</type>
		</fieldTypes>
	</IFDEntryMeta>
	
	<IFDEntryMeta>
		<name>FlashPixVersion</name>
		<tag>0xa000</tag>
		<count>4</count>
		<defaultValue>808529968</defaultValue>
		<fieldTypes>
			<type>7</type>
		</fieldTypes>
	</IFDEntryMeta>
	
	<IFDEntryMeta>
		<name>ColorSpace</name>
		<tag>0xa001</tag>
		<count>4</count>
		<defaultValue>1</defaultValue>
		<fieldTypes>
			<type>7</type>
		</fieldTypes>
		<possibleValues>
			<pValue>
				<value>1</value>
				<description>sRGB</description>
			</pValue>
			<pValue>
				<value>65535</value>
				<description>Uncalibrated</description>
			</pValue>
		</possibleValues>
	</IFDEntryMeta>
	
	<IFDEntryMeta>
		<name>PixelXDimension</name>
		<tag>0xa002</tag>
		<count>1</count>
		<fieldTypes>
			<type>3</type>
			<type>4</type>
		</fieldTypes>
	</IFDEntryMeta>
	
	<IFDEntryMeta>
		<name>PixelYDimension</name>
		<tag>0xa003</tag>
		<count>1</count>
		<fieldTypes>
			<type>3</type>
			<type>4</type>
		</fieldTypes>
	</IFDEntryMeta>
	
	<IFDEntryMeta>
		<name>InteroperabilityIFDPointer</name>
		<tag>0xa005</tag>
		<count>1</count>
		<fieldTypes>
			<type>4</type>
		</fieldTypes>
	</IFDEntryMeta>
	
	<IFDEntryMeta>
		<name>FlashEnergy</name>
		<tag>0xa20b</tag>
		<count>1</count>
		<flags>1</flags>
		<fieldTypes>
			<type>5</type>
		</fieldTypes>
	</IFDEntryMeta>
	
	<IFDEntryMeta>
		<name>SpatialFrequencyResponse</name>
		<tag>0xa20c</tag>
		<flags>1</flags>
		<fieldTypes>
			<type>7</type>
		</fieldTypes>
	</IFDEntryMeta>
	
	<IFDEntryMeta>
		<name>FocalPlaneXResolution</name>
		<tag>0xa20e</tag>
		<count>1</count>
		<flags>1</flags>
		<fieldTypes>
			<type>5</type>
		</fieldTypes>
	</IFDEntryMeta>
	
	<IFDEntryMeta>
		<name>FocalPlaneYResolution</name>
		<tag>0xa20f</tag>
		<count>1</count>
		<flags>1</flags>
		<fieldTypes>
			<type>5</type>
		</fieldTypes>
	</IFDEntryMeta>
	
	<IFDEntryMeta>
		<name>FocalPlaneResolutionUnit</name>
		<tag>0xa210</tag>
		<count>1</count>
		<defaultValue>2</defaultValue>
		<flags>1</flags>
		<fieldTypes>
			<type>3</type>
		</fieldTypes>
		<possibleValues>
			<pValue>
				<value>1</value>
				<description>no unit</description>
			</pValue>
			<pValue>
				<value>2</value>
				<description>inch</description>
			</pValue>
			<pValue>
				<value>3</value>
				<description>centimeter</description>
			</pValue>
		</possibleValues>
	</IFDEntryMeta>
	
	<IFDEntryMeta>
		<name>SubjectLocation</name>
		<tag>0xa214</tag>
		<count>2</count>
		<flags>1</flags>
		<fieldTypes>
			<type>3</type>
		</fieldTypes>
	</IFDEntryMeta>
	
	<IFDEntryMeta>
		<name>ExposureIndex</name>
		<tag>0xa215</tag>
		<count>1</count>
		<flags>1</flags>
		<fieldTypes>
			<type>5</type>
		</fieldTypes>
	</IFDEntryMeta>
	
	<IFDEntryMeta>
		<name>SensingMethod</name>
		<tag>0xa217</tag>
		<count>1</count>
		<defaultValue>-1</defaultValue>
		<flags>1</flags>
		<fieldTypes>
			<type>3</type>
		</fieldTypes>
		<possibleValues>
			<pValue>
				<value>1</value>
				<description>Not defined</description>
			</pValue>
			<pValue>
				<value>2</value>
				<description>One-chip color area sensor</description>
			</pValue>
			<pValue>
				<value>3</value>
				<description>Two-chip color area sensor</description>
			</pValue>
			<pValue>
				<value>4</value>
				<description>Three-chip color area sensor</description>
			</pValue>
			<pValue>
				<value>5</value>
				<description>Color sequential area sensor</description>
			</pValue>
			<pValue>
				<value>7</value>
				<description>Trilinear sensor</description>
			</pValue>
			<pValue>
				<value>8</value>
				<description>Color sequential linear sensor</description>
			</pValue>
		</possibleValues>
	</IFDEntryMeta>
	
	<IFDEntryMeta>
		<name>FileSource</name>
		<tag>0xa300</tag>
		<count>1</count>
		<defaultValue>3</defaultValue>
		<flags>1</flags>
		<fieldTypes>
			<type>7</type>
		</fieldTypes>
		<possibleValues>
			<pValue>
				<value>3</value>
				<description>DSC</description>
			</pValue>
		</possibleValues>
	</IFDEntryMeta>
	
	<IFDEntryMeta>
		<name>SceneType</name>
		<tag>0xa301</tag>
		<count>1</count>
		<defaultValue>1</defaultValue>
		<fieldTypes>
			<type>7</type>
		</fieldTypes>
		<possibleValues>
			<pValue>
				<value>1</value>
				<description>A directly photographed image</description>
			</pValue>
		</possibleValues>
	</IFDEntryMeta>
	
	<IFDEntryMeta>
		<name>CFAPattern</name>
		<tag>0xa302</tag>
		<fieldTypes>
			<type>7</type>
		</fieldTypes>
	</IFDEntryMeta>
	</IFDEntryMetaCollection>
